abreviacao;expansao
sab;sabonete
liq;líquido
refrig;refrigerante
refri;refrigerante
cx;caixa
pct;pacote
pc;peça
emb;embalagem
bisc;biscoito
choc;chocolate
achoc;achocolatado
beb;bebida
amac;amaciante
desod;desodorante
det;detergente
shamp;shampoo
cr;creme
dent;dental
pap;papel
hig;higiênico
frald;fralda
integ;integral
desn;desnatado
semidesn;semidesnatado
marg;margarina
mac;macarrão
espag;espaguete
az;azeite
ol;óleo
far;farinha
acuc;açúcar
açuc;açúcar
caf;café
feij;feijão
arr;arroz
trad;tradicional
suc;suco
nec;néctar
iog;iogurte
qjo;queijo
qj;queijo
pres;presunto
mort;mortadela
sals;salsicha
ling;linguiça
fgo;frango
cong;congelado
resf;resfriado
bov;bovino
suin;suíno
tom;tomate
bat;batata
ceb;cebola
alf;alface
sach;sachê
amend;amendoim
torr;torrado
frut;fruta
gar;garrafa
cerv;cerveja
vinh;vinho
ag;água
min;mineral
lat;lata
tab;tablete
extr;extrato
molh;molho
maion;maionese
ketch;ketchup
mant;manteiga
leit;leite
pao;pão
paes;pães
biscoit;biscoito
bolach;bolacha
rec;recheado
morang;morango
laranj;laranja
limp;limpeza
desinf;desinfetante
sanit;sanitária
roup;roupas
lou;louças
abs;absorvente
cotonet;hastes flexíveis
repel;repelente
medic;medicamento
comps;comprimidos
caps;cápsulas
xpe;xarope
pom;pomada
gts;gotas
inj;injetável
luv;luva
masc;máscara
term;termômetro
curat;curativo
gaz;gaze
esparad;esparadrapo
serv;serviço
manut;manutenção
inst;instalação
consult;consultoria
assess;assessoria
